19,12032,12288
19,7680,7936
19,22528,22784
19,7168,7424
19,4864,5120
19,6912,7168
19,14592,14848
19,15616,15872
19,1536,1792
19,7424,7680
19,13824,14080
19,208640,208896
19,294912,295168
19,1792,2048
19,622592,622848
19,15872,16128
19,512,768
19,8704,8960
19,469760,470016
19,2816,3072
19,7936,8192
19,151296,151552
19,12800,13056
19,16896,17152
19,183808,184064
19,340224,340480
19,73216,73472
19,6400,6656
19,625664,625920
19,14080,14336
19,298752,299008
19,221184,221440
19,284672,284928
19,640000,640256
19,306688,306944
19,656896,657152
19,416256,416512
19,59136,59392
19,39424,39680
19,5888,6144
19,5376,5632
19,8192,8448
19,6656,6912
19,570368,570624
19,647168,647424
19,10496,10752
19,707072,707328
19,44288,44544
19,114944,115200
19,370176,370432
19,83968,84224
19,737024,737280
19,273920,274176
19,413440,413696
19,295936,296192
19,306944,307200
19,163328,163584
19,20224,20480
19,2560,2816
19,508416,508672
19,500736,500992
19,302080,302336
19,493568,493824
19,568064,568320
19,220672,220928
19,114432,114688
19,38912,39168
19,685824,686080
19,530176,530432
19,388352,388608
19,654336,654592
19,64768,65024
19,686592,686848
19,93184,93440
19,30464,30720
19,19200,19456
19,171776,172032
19,324096,324352
19,200192,200448
19,174592,174848
19,348160,348416
19,18944,19200
19,342784,343040
19,524544,524800
19,379392,379648
19,706304,706560
19,474112,474368
19,647936,648192
19,568832,569088
19,311296,311552
19,675072,675328
19,573952,574208
19,656128,656384
19,267520,267776
19,639488,639744
19,269824,270080
19,36608,36864
19,648960,649216
19,312320,312576
19,382720,382976
19,500992,501248
19,708096,708352
19,254720,254976
19,427520,427776
19,719616,719872
19,6144,6400
19,342016,342272
19,97280,97536
19,528128,528384
19,238848,239104
19,669696,669952
19,310016,310272
19,270336,270592
19,42496,42752
19,196608,196864
19,426752,427008
19,708608,708864
19,299776,300032
19,449280,449536
19,582656,582912
19,478208,478464
19,323328,323584
19,434688,434944
19,419584,419840
19,577024,577280
19,343040,343296
19,591104,591360
19,199168,199424
19,80896,81152
19,610816,611072
19,354304,354560
19,408576,408832
19,651264,651520
19,396544,396800
18,130560,130816
18,128256,128512
18,131328,131584
18,118784,119040
18,121344,121600
18,26880,27136
18,129024,129280
18,128768,129024
18,125696,125952
18,125184,125440
18,122624,122880
18,28416,28672
18,124672,124928
18,136192,136448
18,128000,128256
18,125440,125696
18,120064,120320
18,119552,119808
18,134912,135168
18,127488,127744
18,27904,28160
18,124160,124416
18,126208,126464
18,131840,132096
18,130304,130560
18,120320,120576
18,27392,27648
18,135424,135680
18,126464,126720
18,137216,137472
18,123392,123648
18,133120,133376
18,120576,120832
18,133632,133888
18,135936,136192
18,130816,131072
18,23552,23808
18,119296,119552
18,28160,28416
18,127744,128000
18,132096,132352
18,123136,123392
18,128512,128768
18,136704,136960
18,126976,127232
18,516352,516608
18,133888,134144
18,129280,129536
18,123648,123904
18,122112,122368
18,132864,133120
18,119040,119296
18,133376,133632
18,131072,131328
18,18688,18944
18,124416,124672
18,123904,124160
18,132352,132608
18,130048,130304
18,12288,12544
18,10752,11008
18,5632,5888
18,119808,120064
18,1280,1536
18,319488,319744
18,118272,118528
18,135168,135424
18,516608,516864
18,679424,679680
18,24064,24320
18,78848,79104
18,0,256
18,6656,6912
18,256,512
18,136960,137216
18,512,768
18,134656,134912
18,8192,8448
18,137472,137728
18,27136,27392
18,129536,129792
18,17152,17408
18,122880,123136
18,134144,134400
18,18944,19200
18,26112,26368
18,605440,605696
18,4096,4352
18,23808,24064
18,131584,131840
18,19456,19712
18,539392,539648
18,238336,238592
18,135680,135936
18,6144,6400
18,367104,367360
18,539136,539392
18,15616,15872
18,11520,11776
18,137728,137984
18,520704,520960
18,16640,16896
18,23296,23552
18,51968,52224
18,222208,222464
18,129792,130048
18,111872,112128
18,304384,304640
18,2304,2560
18,118016,118272
18,12800,13056
18,1792,2048
18,226304,226560
18,278784,279040
18,499456,499712
18,357376,357632
18,19712,19968
18,11776,12032
18,1536,1792
18,392704,392960
18,224000,224256
18,301056,301312
18,411136,411392
18,121856,122112
18,176128,176384
18,209920,210176
18,122368,122624
17,45568,45824
17,23296,23552
17,44544,44800
17,4608,4864
17,28672,28928
17,39936,40192
17,27904,28160
17,54016,54272
17,738560,738816
17,280064,280320
17,272640,272896
17,331520,331776
17,368640,368896
17,43776,44032
17,41216,41472
17,17408,17664
17,26624,26880
17,40192,40448
17,41728,41984
17,689408,689664
17,10496,10752
17,43264,43520
17,15104,15360
17,3584,3840
17,655872,656128
17,44288,44544
17,4352,4608
17,15872,16128
17,40960,41216
17,19712,19968
17,40704,40960
17,224000,224256
17,2304,2560
17,362752,363008
17,499712,499968
17,523520,523776
17,49664,49920
17,504832,505088
17,508928,509184
17,231680,231936
17,382208,382464
17,549376,549632
17,9728,9984
17,731392,731648
17,41984,42240
17,45056,45312
17,5888,6144
17,483584,483840
17,46336,46592
17,387584,387840
17,330496,330752
17,768,1024
17,639488,639744
17,514816,515072
17,57856,58112
17,386560,386816
17,19200,19456
17,400128,400384
17,21760,22016
17,255744,256000
17,11264,11520
17,477696,477952
17,13824,14080
17,23552,23808
17,597248,597504
17,22272,22528
17,680192,680448
17,28928,29184
17,505856,506112
17,24576,24832
17,413952,414208
17,142080,142336
17,368128,368384
17,281600,281856
17,40448,40704
17,719616,719872
17,395776,396032
17,164352,164608
17,350976,351232
17,129024,129280
17,618240,618496
17,505088,505344
17,559616,559872
17,55296,55552
17,508672,508928
17,431616,431872
17,261888,262144
17,56832,57088
17,319232,319488
17,267264,267520
17,537344,537600
17,42240,42496
17,658944,659200
17,269056,269312
17,222976,223232
17,579072,579328
17,84224,84480
17,464896,465152
17,335872,336128
17,672512,672768
17,524800,525056
17,573440,573696
17,704512,704768
17,715520,715776
17,583168,583424
17,515328,515584
17,12544,12800
17,257280,257536
17,526592,526848
17,204288,204544
17,361216,361472
17,4864,5120
17,555008,555264
17,51200,51456
17,190464,190720
17,219136,219392
17,584192,584448
17,370176,370432
17,741888,742144
17,246528,246784
17,13056,13312
17,47104,47360
17,313344,313600
17,20480,20736
17,499456,499712
17,717824,718080
17,12288,12544
17,260864,261120
17,680448,680704
17,689152,689408
17,233216,233472
17,546048,546304
17,555776,556032
17,475904,476160
17,22784,23040
17,363264,363520
17,666368,666624
17,326400,326656
17,468736,468992
17,639232,639488
17,503808,504064
17,357376,357632
17,107264,107520
17,185088,185344
17,43008,43264
17,688640,688896
17,353792,354048
17,305152,305408
17,65024,65280
17,196608,196864
17,606976,607232
17,672768,673024
17,387328,387584
17,47360,47616
17,392704,392960
17,210688,210944
17,272128,272384
17,328704,328960
17,594944,595200
17,678912,679168
17,315136,315392
17,24320,24576
17,46080,46336
17,412672,412928
17,146176,146432
17,394752,395008
17,271104,271360
17,5120,5376
17,42496,42752
17,329728,329984
17,564992,565248
17,361728,361984
17,467968,468224
17,633344,633600
17,91392,91648
17,462080,462336
17,34304,34560
17,144896,145152
17,442368,442624
17,121600,121856
17,734464,734720
17,181248,181504
17,502016,502272
17,542208,542464
17,32256,32512
17,469760,470016
17,650240,650496
17,53248,53504
17,470272,470528
17,486656,486912
17,78336,78592
17,502528,502784
17,737024,737280
17,163840,164096
17,191232,191488
17,243712,243968
17,323584,323840
17,283904,284160
17,364800,365056
17,611584,611840
17,732160,732416
17,523776,524032
17,45312,45568
16,31232,31488
16,32512,32768
16,30464,30720
16,26112,26368
16,34304,34560
16,512,768
16,29184,29440
16,309504,309760
16,34560,34816
16,17152,17408
16,32768,33024
16,187648,187904
16,32256,32512
16,31744,32000
16,33280,33536
16,32000,32256
16,67840,68096
16,572160,572416
16,19968,20224
16,743168,743424
16,30720,30976
16,594432,594688
16,118272,118528
16,4352,4608
16,13312,13568
16,719616,719872
16,187136,187392
16,126208,126464
16,531712,531968
16,723968,724224
16,18176,18432
16,276480,276736
16,304128,304384
16,127488,127744
16,314624,314880
16,611584,611840
16,18688,18944
16,16640,16896
16,117248,117504
16,255488,255744
16,15104,15360
16,100352,100608
16,646912,647168
16,16384,16640
16,505600,505856
16,13824,14080
16,528896,529152
16,734976,735232
16,563968,564224
16,275968,276224
16,26368,26624
16,535296,535552
16,413440,413696
16,366336,366592
16,220928,221184
16,646400,646656
16,631296,631552
16,281856,282112
16,672256,672512
16,33536,33792
16,227072,227328
16,746752,747008
16,464384,464640
16,11264,11520
16,459520,459776
16,291072,291328
16,394240,394496
16,14080,14336
16,524032,524288
16,300544,300800
16,17920,18176
16,636160,636416
16,20224,20480
16,47360,47616
16,150016,150272
16,700160,700416
16,187392,187648
16,608512,608768
16,177408,177664
16,278272,278528
16,338176,338432
16,3584,3840
16,144640,144896
16,66816,67072
16,29696,29952
16,637696,637952
16,175616,175872
16,385024,385280
16,306944,307200
16,728832,729088
16,699136,699392
16,590336,590592
16,467456,467712
16,49408,49664
16,316416,316672
16,475648,475904
16,367616,367872
16,380416,380672
16,296704,296960
16,318976,319232
16,656128,656384
16,715264,715520
16,371968,372224
16,607488,607744
16,315904,316160
16,592896,593152
16,596992,597248
16,361216,361472
16,396544,396800
16,393728,393984
16,366848,367104
16,298240,298496
16,417792,418048
16,715008,715264
16,517632,517888
16,338688,338944
16,449024,449280
16,371712,371968
16,5632,5888
16,146688,146944
16,495872,496128
16,341760,342016
16,161024,161280
16,25856,26112
16,386304,386560
16,509696,509952
16,727552,727808
16,732672,732928
16,698624,698880
16,393984,394240
16,338432,338688
16,442112,442368
16,62976,63232
16,697088,697344
16,555264,555520
16,4608,4864
16,315392,315648
16,631552,631808
16,720384,720640
16,219904,220160
16,660992,661248
16,649984,650240
16,438528,438784
16,246784,247040
16,53504,53760
16,175360,175616
16,194304,194560
16,152320,152576
16,431872,432128
16,414208,414464
16,407040,407296
16,255744,256000
16,20480,20736
16,589568,589824
16,47104,47360
16,245760,246016
16,318208,318464
16,745984,746240
16,614656,614912
16,568832,569088
16,82176,82432
16,674048,674304
16,9472,9728
16,229120,229376
16,177664,177920
16,278016,278272
16,721920,722176
16,744704,744960
16,638976,639232
16,593664,593920
16,704768,705024
16,93952,94208
16,41472,41728
16,512768,513024
16,568064,568320
16,515072,515328
16,471808,472064
16,700672,700928
16,632832,633088
16,1024,1280
16,583680,583936
16,654336,654592
16,703232,703488
16,582144,582400
16,656896,657152
16,427776,428032
16,672000,672256
16,183296,183552
15,683008,683264
15,678656,678912
15,681984,682240
15,679936,680192
15,682496,682752
15,3840,4096
15,680704,680960
15,684544,684800
15,22016,22272
15,9728,9984
15,13568,13824
15,206080,206336
15,5120,5376
15,681472,681728
15,683520,683776
15,768,1024
15,680192,680448
15,681728,681984
15,13056,13312
15,684032,684288
15,9472,9728
15,16128,16384
15,680960,681216
15,3072,3328
15,189696,189952
15,10496,10752
15,681216,681472
15,657664,657920
15,459008,459264
15,14336,14592
15,20992,21248
15,276224,276480
15,11008,11264
15,21760,22016
15,4608,4864
15,1536,1792
15,73728,73984
15,375296,375552
15,536576,536832
15,6912,7168
15,132096,132352
15,548096,548352
15,256,512
15,619264,619520
15,677888,678144
15,13312,13568
15,57344,57600
15,14848,15104
15,166656,166912
15,682752,683008
15,405248,405504
15,7424,7680
15,109824,110080
15,440576,440832
15,19712,19968
15,168960,169216
15,70656,70912
15,160512,160768
15,17152,17408
15,0,256
15,540160,540416
15,305408,305664
15,18688,18944
15,17408,17664
15,222208,222464
15,54784,55040
15,19456,19712
15,4864,5120
15,20224,20480
15,667648,667904
15,679424,679680
15,635648,635904
15,106496,106752
15,470528,470784
15,21248,21504
15,510208,510464
15,551936,552192
15,137728,137984
15,402176,402432
15,188672,188928
15,335104,335360
15,264448,264704
15,614912,615168
15,110592,110848
15,252416,252672
15,66560,66816
15,400896,401152
15,465664,465920
15,15360,15616
15,501504,501760
15,511232,511488
15,15872,16128
15,224000,224256
15,684288,684544
14,3584,3840
14,215808,216064
14,6144,6400
14,4352,4608
14,20736,20992
14,273408,273664
14,109568,109824
14,153600,153856
14,553984,554240
14,107520,107776
14,145920,146176
14,662016,662272
14,618752,619008
14,381696,381952
14,330496,330752
14,265728,265984
14,403456,403712
14,0,256
14,203008,203264
14,402688,402944
14,17408,17664
14,357376,357632
14,108544,108800
14,603904,604160
14,125696,125952
14,548096,548352
14,287232,287488
14,467712,467968
14,587776,588032
14,584192,584448
14,4608,4864
14,333824,334080
14,200704,200960
14,89088,89344
14,48640,48896
14,557312,557568
14,514304,514560
14,148736,148992
14,207360,207616
14,147456,147712
14,636160,636416
14,88832,89088
14,660736,660992
14,673536,673792
14,283904,284160
14,149248,149504
14,255744,256000
14,299264,299520
14,443648,443904
14,662784,663040
14,127488,127744
14,183040,183296
14,446208,446464
14,50944,51200
14,102912,103168
14,370944,371200
14,2816,3072
14,3328,3584
14,691456,691712
14,41216,41472
14,544768,545024
14,343296,343552
14,163072,163328
14,120064,120320
14,262912,263168
14,279040,279296
14,691712,691968
14,562944,563200
14,492032,492288
14,198144,198400
14,201728,201984
14,677888,678144
14,435456,435712
14,252928,253184
14,533760,534016
14,582144,582400
14,180224,180480
14,271104,271360
14,348160,348416
14,137472,137728
14,540416,540672
14,238848,239104
14,242688,242944
14,528128,528384
14,583424,583680
14,438272,438528
14,572672,572928
14,277760,278016
14,613376,613632
14,526336,526592
14,440832,441088
14,476672,476928
14,697088,697344
14,159744,160000
14,419840,420096
14,550912,551168
14,209920,210176
14,108800,109056
14,448256,448512
14,631808,632064
14,542464,542720
14,349440,349696
14,4864,5120
14,219904,220160
14,62208,62464
14,335872,336128
14,423168,423424
14,18176,18432
14,593664,593920
14,606976,607232
14,256256,256512
14,401152,401408
14,94208,94464
14,30720,30976
14,587008,587264
14,245760,246016
14,523520,523776
14,276480,276736
14,129024,129280
14,39680,39936
14,583680,583936
14,619008,619264
14,351488,351744
14,243712,243968
14,561408,561664
14,175104,175360
14,253696,253952
14,425216,425472
14,283648,283904
14,628992,629248
14,666112,666368
14,31232,31488
14,195072,195328
14,582656,582912
14,646656,646912
14,295424,295680
14,434432,434688
14,693760,694016
14,337920,338176
14,289536,289792
14,172800,173056
14,609536,609792
14,126208,126464
14,272896,273152
14,42496,42752
14,321536,321792
14,705536,705792
14,564480,564736
14,261888,262144
14,486912,487168
14,258560,258816
14,54528,54784
14,402432,402688
14,360960,361216
14,98048,98304
14,235520,235776
14,599040,599296
14,426496,426752
14,117248,117504
14,95232,95488
14,69120,69376
14,202752,203008
14,103936,104192
14,47616,47872
14,267008,267264
14,678144,678400
14,246272,246528
14,439296,439552
14,296960,297216
14,60672,60928
14,626944,627200
14,512256,512512
14,668416,668672
14,457728,457984
14,694784,695040
14,181248,181504
14,44544,44800
14,490752,491008
14,588800,589056
14,604416,604672
14,596736,596992
14,206848,207104
14,602880,603136
14,51200,51456
14,448512,448768
14,452096,452352
14,175616,175872
14,584448,584704
14,630528,630784
14,649984,650240
14,462336,462592
14,110592,110848
14,123648,123904
14,151808,152064
14,445440,445696
14,132608,132864
14,641280,641536
14,475648,475904
14,522240,522496
14,598272,598528
14,370432,370688
14,342016,342272
14,587264,587520
14,177664,177920
14,472832,473088
14,654848,655104
14,626176,626432
14,254976,255232
14,258304,258560
14,198656,198912
14,383744,384000
14,400128,400384
14,140800,141056
14,4096,4352
14,649216,649472
14,188672,188928
14,699136,699392
14,112128,112384
14,108288,108544
14,411392,411648
14,20992,21248
14,144896,145152
14,608512,608768
14,380160,380416
14,305408,305664
14,378368,378624
14,548608,548864
14,13568,13824
14,442368,442624
14,249600,249856
14,665600,665856
14,612864,613120
14,360448,360704
14,350976,351232
14,353024,353280
14,146944,147200
14,355584,355840
14,505088,505344
14,392960,393216
14,70912,71168
14,612096,612352
14,36864,37120
14,396544,396800
14,484864,485120
14,302592,302848
14,401408,401664
14,306944,307200
14,594688,594944
14,164608,164864
14,231680,231936
14,282880,283136
14,340992,341248
14,342528,342784
14,45312,45568
14,196096,196352
14,227840,228096
13,413696,413952
13,476672,476928
13,123648,123904
13,239872,240128
13,19200,19456
13,476416,476672
13,359168,359424
13,411136,411392
13,15616,15872
13,402176,402432
13,404480,404736
13,313600,313856
13,33280,33536
13,35584,35840
13,14848,15104
13,479488,479744
13,408320,408576
13,17664,17920
13,10240,10496
13,400128,400384
13,3584,3840
13,405760,406016
13,477696,477952
13,402688,402944
13,475392,475648
13,11264,11520
13,416256,416512
13,407808,408064
13,484096,484352
13,4864,5120
13,417024,417280
13,18176,18432
13,208896,209152
13,485888,486144
13,43520,43776
13,26112,26368
13,475648,475904
13,11776,12032
13,9472,9728
13,395264,395520
13,65280,65536
13,486144,486400
13,39936,40192
13,404736,404992
13,32768,33024
13,478208,478464
13,695040,695296
13,479744,480000
13,397312,397568
13,409600,409856
13,13824,14080
13,371456,371712
13,388352,388608
13,389632,389888
13,589824,590080
13,84224,84480
13,40704,40960
13,42496,42752
13,403456,403712
13,35840,36096
13,489216,489472
13,28928,29184
13,624640,624896
13,398848,399104
13,38656,38912
13,414720,414976
13,402432,402688
13,474880,475136
13,512,768
13,4608,4864
13,6656,6912
13,117248,117504
13,34560,34816
13,256,512
13,506112,506368
13,486400,486656
13,225792,226048
13,112128,112384
13,33536,33792
13,484864,485120
13,392448,392704
13,409088,409344
13,478976,479232
13,31488,31744
13,410624,410880
13,408064,408320
13,39168,39424
13,46080,46336
13,305920,306176
13,46336,46592
13,395520,395776
13,394240,394496
13,97024,97280
13,278016,278272
13,64256,64512
13,421120,421376
13,95232,95488
13,385024,385280
13,505856,506112
13,477952,478208
13,1536,1792
13,307968,308224
13,364288,364544
13,689920,690176
13,592384,592640
13,322816,323072
13,12032,12288
13,184576,184832
13,399616,399872
13,25088,25344
13,348928,349184
13,483072,483328
13,5120,5376
13,209664,209920
13,605440,605696
13,24320,24576
13,113920,114176
13,488704,488960
13,46848,47104
13,407040,407296
13,30464,30720
13,415744,416000
13,688896,689152
13,616192,616448
13,406272,406528
13,698880,699136
13,411904,412160
13,480256,480512
13,16640,16896
13,142080,142336
13,400896,401152
13,410368,410624
13,26880,27136
13,342016,342272
13,632064,632320
13,572416,572672
13,85504,85760
13,525568,525824
13,524544,524800
13,481792,482048
13,96512,96768
13,44544,44800
13,561664,561920
13,389376,389632
13,630272,630528
13,401664,401920
13,172800,173056
13,643584,643840
13,517632,517888
13,482304,482560
13,260608,260864
13,595712,595968
13,86784,87040
13,481280,481536
13,563968,564224
13,439040,439296
13,412928,413184
13,405248,405504
13,484352,484608
13,15104,15360
13,488960,489216
13,398336,398592
5,429824,430080
18,322048,322304
9,153088,153344
5,441344,441600
5,301312,301568
13,106240,106496
9,91904,92160
5,255232,255488
9,93440,93696
18,147968,148224
10,551424,551680
5,224512,224768
5,228864,229120
5,91392,91648
5,276480,276736
2,306944,307200
13,631296,631552
2,323584,323840
8,472576,472832
13,85248,85504
5,562944,563200
2,334080,334336
2,18432,18688
5,325632,325888
3,621056,621312
5,144640,144896
5,295168,295424
18,376320,376576
5,56320,56576
5,266240,266496
5,67840,68096
3,213504,213760
8,84992,85248
9,2048,2304
9,102912,103168
9,90880,91136
3,69888,70144
3,570624,570880
5,165632,165888
9,108288,108544
5,168960,169216
5,254976,255232
9,42240,42496
5,288768,289024
5,328704,328960
5,296704,296960
8,86272,86528
5,385024,385280
2,307456,307712
8,37888,38144
11,551424,551680
5,430848,431104
9,45312,45568
4,724480,724736
2,284672,284928
18,629504,629760
10,557056,557312
5,93184,93440
8,379904,380160
3,574208,574464
0,385536,385792
8,111104,111360
9,355840,356096
3,176896,177152
8,88320,88576
3,187904,188160
5,88832,89088
18,481536,481792
5,58624,58880
5,331520,331776
11,6144,6400
2,307200,307456
13,198400,198656
9,53760,54016
5,44288,44544
5,92928,93184
1,174848,175104
8,87552,87808
8,101376,101632
5,105216,105472
5,231424,231680
5,260608,260864
17,658688,658944
5,98304,98560
5,242176,242432
2,46336,46592
2,54272,54528
13,27392,27648
3,214784,215040
2,490240,490496
13,32512,32768
8,65280,65536
2,24576,24832
5,259840,260096
5,562432,562688
13,444416,444672
13,473856,474112
13,350208,350464
6,55296,55552
7,286208,286464
18,181760,182016
13,469760,470016
5,279808,280064
13,472832,473088
18,417024,417280
9,238336,238592
5,530176,530432
18,593664,593920
20,130816,131072
20,512,768
20,235264,235520
20,1792,2048
20,52480,52736
20,144640,144896
20,18944,19200
20,173312,173568
20,165632,165888
20,26112,26368
20,103424,103680
20,95232,95488
20,76544,76800
20,137472,137728
20,177920,178176
20,126208,126464
20,218880,219136
20,10496,10752
20,134656,134912
20,90368,90624
20,78336,78592
20,162816,163072
20,16128,16384
20,68608,68864
20,77824,78080
20,199936,200192
20,228608,228864
20,200704,200960
20,33536,33792
20,127744,128000
20,9984,10240
20,38912,39168
20,96256,96512
20,151040,151296
20,50944,51200
20,48128,48384
20,94720,94976
20,47872,48128
20,145152,145408
20,199168,199424
20,192000,192256
20,184576,184832
20,154368,154624
20,82432,82688
20,150272,150528
20,155392,155648
20,11008,11264
20,138240,138496
20,52224,52480
20,82688,82944
20,135168,135424
20,94464,94720
20,34816,35072
20,198400,198656
20,66304,66560
20,27136,27392
20,100864,101120
20,229376,229632
20,166144,166400
20,87808,88064
20,50176,50432
20,123648,123904
20,230656,230912
20,175616,175872
20,10752,11008
20,9216,9472
20,5120,5376
20,3328,3584
20,90624,90880
20,100608,100864
20,180480,180736
20,33280,33536
20,1024,1280
20,2560,2816
20,119552,119808
20,225792,226048
20,81920,82176
20,125184,125440
20,3840,4096
20,166656,166912
20,97536,97792
20,67072,67328
20,4352,4608
20,152576,152832
20,165120,165376
20,12288,12544
20,161024,161280
20,136960,137216
20,1280,1536
20,141312,141568
20,4608,4864
20,16896,17152
20,69632,69888
20,16640,16896
20,90880,91136
20,200960,201216
20,1536,1792
20,170752,171008
20,11776,12032
20,144384,144640
20,6144,6400
20,133888,134144
20,229632,229888
20,18688,18944
20,22016,22272
20,89088,89344
20,86272,86528
20,164352,164608
20,190208,190464
20,68096,68352
20,230400,230656
20,157696,157952
20,67328,67584
20,21248,21504
20,100096,100352
20,235776,236032
20,186624,186880
20,80640,80896
20,75264,75520
20,152832,153088
20,118528,118784
20,19200,19456
20,8448,8704
20,182016,182272
20,117760,118016
20,82944,83200
20,66048,66304
20,47616,47872
20,51200,51456
20,159744,160000
20,15104,15360
20,27392,27648
20,28672,28928
20,91648,91904
20,124160,124416
20,134912,135168
20,29184,29440
20,15872,16128
20,134400,134656
20,122880,123136
20,93184,93440
20,168192,168448
20,162560,162816
20,96000,96256
20,235008,235264
20,62208,62464
20,234496,234752
20,119040,119296
20,97792,98048
20,231168,231424
20,167680,167936
20,151552,151808
20,236544,236800
20,155136,155392
20,28160,28416
20,157952,158208
20,166400,166656
20,160512,160768
20,73472,73728
20,118784,119040
20,133632,133888
20,86784,87040
20,8704,8960
20,167936,168192
20,64256,64512
20,3584,3840
20,161536,161792
20,87296,87552
20,130560,130816
20,128768,129024
20,156672,156928
20,20992,21248
20,219136,219392
20,49664,49920
20,18176,18432
20,22784,23040
20,160256,160512
20,167168,167424
20,157440,157696
20,199680,199936
20,72192,72448
20,171008,171264
20,7680,7936
20,193792,194048
20,93952,94208
20,64000,64256
20,14848,15104
20,235520,235776
20,228864,229120
20,95744,96000
20,94208,94464
20,120320,120576
20,36352,36608
20,222464,222720
20,56064,56320
20,118272,118528
20,232192,232448
20,29440,29696
20,83200,83456
20,14592,14848
20,44032,44288
20,60928,61184
20,50688,50944
20,157184,157440
20,94976,95232
20,88832,89088
20,5376,5632
20,88064,88320
20,97024,97280
20,145920,146176
20,177408,177664
3,216832,217088
3,653568,653824
3,242688,242944
3,207872,208128
3,203264,203520
3,170752,171008
3,184576,184832
3,532736,532992
3,116224,116480
3,583936,584192
3,218624,218880
3,214016,214272
3,587776,588032
3,441600,441856
3,673792,674048
3,493824,494080
3,215552,215808
3,154880,155136
3,359424,359680
3,681216,681472
3,335872,336128
3,137728,137984
3,231936,232192
3,180480,180736
3,404992,405248
3,244736,244992
3,653056,653312
3,673024,673280
3,595712,595968
3,634624,634880
3,60672,60928
3,156928,157184
3,173568,173824
3,673280,673536
3,206592,206848
3,611072,611328
3,112128,112384
3,336128,336384
3,452096,452352
3,43776,44032
3,637184,637440
3,59904,60160
3,58368,58624
3,227328,227584
3,92160,92416
3,544512,544768
3,1280,1536
3,314368,314624
3,630016,630272
3,679424,679680
3,438784,439040
3,634112,634368
3,245248,245504
3,656640,656896
3,16896,17152
3,182272,182528
3,582912,583168
3,97792,98048
3,639488,639744
3,405248,405504
3,541696,541952
3,463616,463872
3,250368,250624
3,681472,681728
3,567296,567552
3,611584,611840
3,454656,454912
3,676096,676352
3,409088,409344
3,508160,508416
3,505600,505856
3,283648,283904
3,357888,358144
3,678912,679168
3,123392,123648
3,510720,510976
3,592640,592896
3,523520,523776
3,610816,611072
3,598016,598272
3,4352,4608
3,449536,449792
3,62976,63232
3,499456,499712
3,114944,115200
3,627456,627712
3,45824,46080
3,628224,628480
3,282880,283136
3,521216,521472
3,616960,617216
3,536064,536320
3,282112,282368
3,606976,607232
3,520960,521216
3,13824,14080
3,658944,659200
3,359168,359424
3,663040,663296
3,679168,679424
3,508928,509184
3,226304,226560
3,445696,445952
3,327168,327424
3,305664,305920
3,587520,587776
3,316928,317184
3,398848,399104
3,419584,419840
3,515328,515584
3,393984,394240
3,622080,622336
3,488960,489216
3,502784,503040
3,353024,353280
3,496384,496640
3,310528,310784
3,124672,124928
3,127488,127744
3,154112,154368
3,237312,237568
3,384256,384512
3,102912,103168
3,437248,437504
3,611840,612096
3,485632,485888
3,83200,83456
3,587264,587520
3,133632,133888
3,460544,460800
3,623872,624128
3,20480,20736
3,546816,547072
3,231680,231936
3,265984,266240
3,669696,669952
3,653312,653568
3,641792,642048
3,17152,17408
3,344576,344832
3,614144,614400
3,677888,678144
3,467712,467968
3,622848,623104
3,590592,590848
3,499200,499456
3,90368,90624
3,448000,448256
3,12544,12800
3,38912,39168
3,521728,521984
3,576512,576768
3,444416,444672
3,121344,121600
3,313088,313344
3,230656,230912
3,394240,394496
3,327936,328192
3,17920,18176
3,16640,16896
3,257280,257536
3,363520,363776
3,648448,648704
3,479488,479744
3,107520,107776
3,317952,318208
3,349696,349952
3,489984,490240
3,525568,525824
3,460288,460544
3,492288,492544
3,641024,641280
3,318720,318976
3,472320,472576
3,498944,499200
3,608768,609024
3,48384,48640
3,321536,321792
3,596480,596736
3,39424,39680
3,268544,268800
3,531456,531712
3,437760,438016
3,14336,14592
3,386816,387072
3,360448,360704
3,672000,672256
3,640768,641024
3,307712,307968
3,515840,516096
3,442880,443136
3,626432,626688
3,439552,439808
3,466688,466944
3,293376,293632
3,249856,250112
3,393216,393472
3,12288,12544
3,627200,627456
3,432384,432640
3,116480,116736
3,22784,23040
3,335616,335872
3,229888,230144
3,72448,72704
3,505344,505600
3,657664,657920
3,363008,363264
3,334336,334592
3,76288,76544
3,589568,589824
3,195328,195584
3,593152,593408
3,327680,327936
3,544768,545024
3,36864,37120
3,83712,83968
3,512768,513024
3,673536,673792
3,649472,649728
3,594432,594688
3,35840,36096
3,619776,620032
3,545536,545792
3,444160,444416
3,135168,135424
3,592896,593152
3,668672,668928
3,121088,121344
3,628480,628736
3,24064,24320
3,667392,667648
3,10496,10752
3,150272,150528
3,21248,21504
3,400128,400384
3,591872,592128
3,234496,234752
3,316160,316416
3,259072,259328
3,450560,450816
3,670976,671232
3,77568,77824
3,441344,441600
3,666112,666368
3,266240,266496
3,501504,501760
3,650240,650496
3,23296,23552
3,482304,482560
3,389120,389376
3,307200,307456
3,436992,437248
3,84992,85248
3,104704,104960
3,645632,645888
3,18432,18688
3,517376,517632
3,34816,35072
3,451584,451840
3,281344,281600
3,111104,111360
3,539904,540160
3,58880,59136
3,630528,630784
3,261376,261632
3,552192,552448
3,613376,613632
3,292608,292864
3,106240,106496
3,436224,436480
3,531712,531968
3,43264,43520
3,103424,103680
3,320000,320256
3,525312,525568
3,29952,30208
3,170496,170752
3,10240,10496
3,343552,343808
3,634880,635136
3,678656,678912
3,101632,101888
3,497920,498176
3,675328,675584
3,26368,26624
3,462336,462592
3,238592,238848
3,99840,100096
3,609024,609280
3,408576,408832
3,359936,360192
3,520448,520704
3,139008,139264
3,635648,635904
3,211456,211712
3,117504,117760
3,641280,641536
3,22528,22784
3,460032,460288
3,643328,643584
3,501248,501504
3,258048,258304
3,511488,511744
3,86528,86784
3,129536,129792
3,38144,38400
3,484352,484608
3,112384,112640
3,489216,489472
3,523776,524032
3,625152,625408
3,594944,595200
3,573696,573952
3,460800,461056
3,481792,482048
3,321280,321536
3,24320,24576
3,50688,50944
3,38400,38656
3,440832,441088
3,672256,672512
3,334592,334848
3,521472,521728
3,659456,659712
3,576256,576512
3,627712,627968
3,621568,621824
3,309504,309760
3,33280,33536
3,67072,67328
3,47616,47872
3,104960,105216
3,268800,269056
3,232192,232448
3,589056,589312
3,625920,626176
3,657920,658176
3,509184,509440
3,66816,67072
3,153856,154112
3,160768,161024
3,52480,52736
3,344320,344576
3,517888,518144
3,455680,455936
3,645888,646144
3,589312,589568
3,130048,130304
3,671488,671744
3,507392,507648
3,313344,313600
3,321024,321280
3,217600,217856
3,647424,647680
3,119552,119808
3,616704,616960
3,230912,231168
3,506112,506368
3,18688,18944
3,355584,355840
3,665856,666112
3,412160,412416
3,293120,293376
3,481536,481792
3,637696,637952
3,523008,523264
3,221184,221440
3,306688,306944
3,667648,667904
3,260096,260352
3,118016,118272
3,15104,15360
3,592128,592384
3,532224,532480
3,646656,646912
3,184064,184320
3,172032,172288
3,674560,674816
3,302336,302592
3,470272,470528
3,481024,481280
4,725248,725504
4,703744,704000
4,709632,709888
4,724992,725248
4,716032,716288
4,678144,678400
4,701184,701440
4,715520,715776
4,703488,703744
4,673280,673536
4,722176,722432
4,1280,1536
4,721664,721920
4,707328,707584
4,715008,715264
4,719872,720128
4,16128,16384
4,704768,705024
4,273152,273408
4,450816,451072
4,711168,711424
4,306944,307200
4,244224,244480
4,19200,19456
4,712960,713216
4,263680,263936
4,705280,705536
4,17152,17408
4,723712,723968
4,709120,709376
4,185088,185344
4,711680,711936
4,673792,674048
4,569600,569856
4,689152,689408
4,16384,16640
4,177920,178176
4,719360,719616
4,243456,243712
4,339712,339968
4,685568,685824
4,502784,503040
4,711936,712192
4,98560,98816
4,256,512
4,499456,499712
4,424704,424960
4,699904,700160
4,126464,126720
4,706560,706816
4,571136,571392
4,692480,692736
4,141824,142080
4,307200,307456
4,583168,583424
4,427520,427776
4,723968,724224
4,345856,346112
4,429312,429568
4,710912,711168
4,574976,575232
4,270080,270336
4,147968,148224
4,64768,65024
4,99840,100096
4,434432,434688
4,430592,430848
4,78848,79104
4,419840,420096
4,4096,4352
4,21248,21504
4,62976,63232
4,146944,147200
4,369408,369664
4,449024,449280
4,130048,130304
4,511744,512000
4,77312,77568
4,702720,702976
4,175616,175872
4,202496,202752
4,264960,265216
4,646912,647168
4,459776,460032
4,433152,433408
4,376832,377088
4,302336,302592
4,659968,660224
4,419584,419840
4,320000,320256
4,376320,376576
4,163584,163840
4,344832,345088
4,708096,708352
4,715264,715520
4,673024,673280
4,65536,65792
4,134656,134912
4,700672,700928
4,708352,708608
4,581120,581376
4,176128,176384
4,45312,45568
4,184832,185088
4,323328,323584
4,180224,180480
4,674304,674560
4,537856,538112
4,143360,143616
4,575488,575744
4,208896,209152
4,578560,578816
4,663552,663808
4,650240,650496
4,580352,580608
4,634880,635136
4,712704,712960
4,380928,381184
4,567296,567552
4,532736,532992
4,647168,647424
4,602368,602624
4,427264,427520
4,507136,507392
4,114688,114944
4,101120,101376
4,576512,576768
4,700160,700416
4,675072,675328
4,301568,301824
4,612864,613120
4,544000,544256
4,393472,393728
4,181248,181504
4,211200,211456
4,605952,606208
4,654848,655104
4,549376,549632
4,327936,328192
4,300032,300288
4,426240,426496
4,477184,477440
4,136704,136960
4,560128,560384
4,285952,286208
4,145664,145920
4,338176,338432
4,159232,159488
4,723456,723712
4,218624,218880
4,524800,525056
4,688128,688384
4,286976,287232
4,120064,120320
4,119040,119296
4,307456,307712
4,499968,500224
4,710144,710400
4,613376,613632
4,2816,3072
4,648960,649216
4,527872,528128
4,568576,568832
4,682752,683008
4,84480,84736
4,288000,288256
4,593920,594176
4,354816,355072
4,505344,505600
4,629760,630016
4,371456,371712
4,66048,66304
4,143872,144128
4,666368,666624
4,269312,269568
4,390656,390912
4,158720,158976
4,296448,296704
4,126208,126464
4,643072,643328
4,30720,30976
4,709376,709632
4,70912,71168
4,675328,675584
4,481536,481792
4,152576,152832
4,124672,124928
4,7680,7936
4,347904,348160
4,302592,302848
4,447744,448000
4,94720,94976
4,589056,589312
4,582912,583168
4,465152,465408
4,19456,19712
4,685824,686080
4,389632,389888
4,206848,207104
4,252416,252672
4,286720,286976
4,415744,416000
4,684800,685056
4,171520,171776
4,404480,404736
4,234752,235008
4,322304,322560
4,11776,12032
4,284160,284416
4,592384,592640
4,576256,576512
4,659200,659456
4,672000,672256
4,574208,574464
4,11264,11520
4,167936,168192
4,150016,150272
4,534016,534272
4,580864,581120
4,324864,325120
4,709888,710144
4,553984,554240
4,23296,23552
4,467712,467968
4,212480,212736
4,465920,466176
4,606208,606464
4,645376,645632
4,689664,689920
4,338688,338944
4,451840,452096
4,578304,578560
4,33536,33792
4,478976,479232
4,377344,377600
4,123392,123648
4,171776,172032
4,231424,231680
4,29184,29440
4,376064,376320
4,425216,425472
4,7936,8192
4,402944,403200
4,350720,350976
4,244736,244992
4,352768,353024
4,395008,395264
4,142848,143104
4,366592,366848
4,109568,109824
4,128512,128768
4,437760,438016
4,331520,331776
4,368896,369152
4,553472,553728
4,453376,453632
4,4864,5120
4,411904,412160
4,426496,426752
4,384000,384256
4,581888,582144
4,679936,680192
4,357888,358144
4,273408,273664
4,566784,567040
4,550656,550912
4,102400,102656
4,238080,238336
4,295936,296192
4,552448,552704
4,554496,554752
4,71424,71680
4,364288,364544
4,1024,1280
4,563200,563456
4,632064,632320
4,343808,344064
4,5376,5632
5,30720,30976
5,470784,471040
5,678656,678912
5,31744,32000
5,578304,578560
5,470016,470272
5,33280,33536
5,32768,33024
5,586752,587008
9,420864,421120
9,5120,5376
9,3328,3584
9,4352,4608
9,1536,1792
9,2304,2560
9,21504,21760
9,15616,15872
9,2560,2816
9,17664,17920
9,15104,15360
9,5632,5888
9,2816,3072
9,5376,5632
9,4096,4352
9,452096,452352
9,415232,415488
9,376320,376576
9,367104,367360
9,64256,64512
9,256,512
9,340224,340480
9,424448,424704
9,9728,9984
9,452608,452864
9,13568,13824
9,437504,437760
9,440832,441088
9,24320,24576
9,3584,3840
9,371200,371456
9,11776,12032
9,373504,373760
9,318464,318720
9,359168,359424
9,386048,386304
9,300288,300544
9,20992,21248
9,401408,401664
9,30208,30464
9,353024,353280
9,8192,8448
9,19968,20224
9,0,256
9,342784,343040
9,379392,379648
9,417280,417536
9,19200,19456
9,41984,42240
9,7936,8192
9,104192,104448
9,30976,31232
9,18944,19200
9,356608,356864
9,449792,450048
9,359936,360192
9,423424,423680
9,372736,372992
9,364032,364288
9,312320,312576
9,451328,451584
9,419072,419328
9,380672,380928
9,303616,303872
9,95488,95744
9,7680,7936
9,355328,355584
9,412928,413184
9,396544,396800
9,512,768
9,138752,139008
9,445440,445696
9,373248,373504
9,413952,414208
9,252928,253184
9,268288,268544
9,380416,380672
9,449536,449792
9,155136,155392
9,376832,377088
9,225280,225536
9,360192,360448
9,288768,289024
9,368640,368896
9,318208,318464
9,14080,14336
9,334848,335104
9,10752,11008
9,101632,101888
9,385024,385280
9,332800,333056
9,358144,358400
9,237312,237568
9,217600,217856
9,263424,263680
9,31744,32000
9,397568,397824
9,274176,274432
9,428288,428544
9,403968,404224
9,35840,36096
9,228608,228864
9,340736,340992
9,375808,376064
9,109824,110080
9,358912,359168
9,312576,312832
9,332288,332544
9,81920,82176
9,355072,355328
9,343040,343296
9,171008,171264
9,224768,225024
9,28928,29184
9,397824,398080
9,334080,334336
9,323840,324096
9,430336,430592
9,250624,250880
9,181760,182016
9,234240,234496
9,366080,366336
9,178176,178432
9,258816,259072
9,389632,389888
9,452352,452608
9,361472,361728
9,433664,433920
9,18176,18432
9,331520,331776
9,417792,418048
9,273920,274176
9,332032,332288
9,242432,242688
9,281856,282112
9,381952,382208
9,339712,339968
9,344832,345088
9,354048,354304
9,387072,387328
9,387328,387584
9,223488,223744
9,179712,179968
9,345856,346112
9,357632,357888
9,201984,202240
9,354304,354560
9,326400,326656
9,423168,423424
9,416768,417024
9,329472,329728
9,208640,208896
9,437760,438016
9,427776,428032
9,65792,66048
9,427520,427776
9,262144,262400
9,254720,254976
9,329728,329984
9,151296,151552
9,112640,112896
9,356864,357120
9,140288,140544
9,448256,448512
9,269824,270080
9,362240,362496
9,361728,361984
9,273152,273408
9,357888,358144
9,233984,234240
9,360448,360704
9,221440,221696
9,346880,347136
9,435968,436224
9,388608,388864
9,242688,242944
9,274688,274944
9,412416,412672
9,450048,450304
9,248832,249088
9,229120,229376
9,121344,121600
9,374784,375040
9,170240,170496
9,29696,29952
9,396032,396288
9,122624,122880
9,245760,246016
9,369408,369664
9,345600,345856
9,247040,247296
9,109056,109312
9,392704,392960
9,296448,296704
9,348416,348672
9,254976,255232
9,372224,372480
9,178432,178688
9,126720,126976
9,412672,412928
9,305152,305408
9,361984,362240
9,231936,232192
9,324608,324864
9,33024,33280
9,242176,242432
9,378880,379136
9,411392,411648
9,27904,28160
9,155392,155648
9,353280,353536
9,32512,32768
9,363776,364032
9,180736,180992
9,169984,170240
9,390656,390912
9,313600,313856
9,27648,27904
9,418816,419072
9,381440,381696
9,379136,379392
9,291328,291584
9,306176,306432
9,278016,278272
9,341760,342016
9,243712,243968
9,416256,416512
9,128000,128256
9,421120,421376
9,170752,171008
9,168448,168704
9,19712,19968
9,273408,273664
9,438272,438528
9,371456,371712
9,372480,372736
9,195072,195328
9,36352,36608
9,180480,180736
9,4608,4864
9,307712,307968
9,431872,432128
9,272640,272896
9,284672,284928
9,33792,34048
9,409600,409856
9,35072,35328
9,25344,25600
9,404224,404480
9,109568,109824
9,331008,331264
9,436480,436736
9,288256,288512
9,123904,124160
9,141312,141568
9,389888,390144
9,253696,253952
9,403456,403712
9,402944,403200
9,422144,422400
9,305920,306176
9,275200,275456
9,315904,316160
9,144384,144640
9,354560,354816
9,336384,336640
9,127488,127744
9,357120,357376
9,89600,89856
9,335872,336128
9,267008,267264
9,29440,29696
9,283392,283648
9,58624,58880
9,401920,402176
9,297216,297472
9,256512,256768
9,429568,429824
9,407808,408064
9,264960,265216
9,385792,386048
9,22528,22784
9,410624,410880
9,387840,388096
9,359680,359936
9,264448,264704
9,289792,290048
9,209152,209408
9,351232,351488
9,265216,265472
9,184064,184320
9,398592,398848
9,358656,358912
9,440064,440320
9,256000,256256
9,114176,114432
9,358400,358656
9,37376,37632
9,353536,353792
9,41472,41728
9,233728,233984
9,114688,114944
9,446720,446976
9,275968,276224
9,352256,352512
9,242944,243200
9,416000,416256
9,38400,38656
9,388864,389120
9,221696,221952
9,300544,300800
9,321536,321792
9,363264,363520
9,213760,214016
9,227328,227584
9,240128,240384
9,316160,316416
9,305664,305920
9,349440,349696
9,431616,431872
9,403712,403968
9,299776,300032
9,189184,189440
9,386560,386816
9,291840,292096
9,348672,348928
9,153344,153600
9,392192,392448
9,324864,325120
9,244224,244480
9,109312,109568
9,241664,241920
9,323584,323840
9,232960,233216
9,333056,333312
9,201472,201728
9,297472,297728
9,428544,428800
9,286976,287232
9,284416,284672
9,431360,431616
9,188928,189184
9,25600,25856
9,333824,334080
9,170496,170752
9,190208,190464
9,143872,144128
9,385536,385792
9,272896,273152
20,149504,149760
20,53504,53760
20,162304,162560
20,230912,231168
20,92416,92672
20,133120,133376
20,54528,54784
20,200192,200448
20,147200,147456
20,150784,151040
20,19456,19712
20,22528,22784
20,19712,19968
20,96768,97024
20,65536,65792
20,19968,20224
20,168960,169216
20,110592,110848
20,194560,194816
