1,371968,372224
1,197632,197888
1,261632,261888
1,386048,386304
1,261888,262144
1,370432,370688
1,371712,371968
1,100352,100608
1,95744,96000
1,313088,313344
1,428800,429056
1,108032,108288
1,134400,134656
1,420352,420608
1,147456,147712
1,134912,135168
1,77824,78080
1,92672,92928
1,96256,96512
1,107776,108032
1,425216,425472
1,82944,83200
1,371200,371456
2,437760,438016
2,387584,387840
2,457216,457472
2,444928,445184
2,167424,167680
2,392448,392704
2,215040,215296
2,480768,481024
2,438784,439040
2,454656,454912
2,460288,460544
2,471808,472064
2,441344,441600
2,268032,268288
2,308736,308992
2,447232,447488
2,451328,451584
2,287744,288000
2,310016,310272
2,457472,457728
2,214784,215040
2,269056,269312
2,215808,216064
2,279040,279296
2,334336,334592
2,446208,446464
2,442880,443136
2,302336,302592
2,304128,304384
2,361216,361472
2,353280,353536
2,438528,438784
2,309248,309504
2,460032,460288
2,312576,312832
2,451584,451840
2,433664,433920
2,452096,452352
2,461568,461824
2,340224,340480
2,443392,443648
2,185600,185856
2,456704,456960
2,445184,445440
2,442368,442624
2,372224,372480
2,309504,309760
2,387072,387328
2,433152,433408
2,398080,398336
2,391680,391936
2,435200,435456
2,418048,418304
2,465408,465664
2,337152,337408
2,308224,308480
2,308992,309248
2,480000,480256
2,401408,401664
2,480256,480512
2,436480,436736
3,418304,418560
3,561408,561664
3,271872,272128
3,563456,563712
3,419840,420096
3,266752,267008
3,607744,608000
3,355328,355584
3,391680,391936
3,287744,288000
3,294400,294656
3,276992,277248
3,241920,242176
3,402176,402432
3,534528,534784
3,142592,142848
3,600576,600832
3,382976,383232
3,360704,360960
3,377856,378112
3,388864,389120
3,379392,379648
3,136960,137216
3,373248,373504
3,251904,252160
3,380928,381184
3,138240,138496
3,270848,271104
3,376320,376576
3,297472,297728
3,286720,286976
3,377344,377600
3,554752,555008
3,304384,304640
3,388608,388864
3,296448,296704
3,374784,375040
3,113920,114176
3,107008,107264
3,572416,572672
3,272384,272640
3,417792,418048
3,244992,245248
3,296960,297216
3,396800,397056
3,535808,536064
3,564480,564736
3,597504,597760
3,387584,387840
3,274688,274944
3,476928,477184
3,144128,144384
3,491008,491264
3,128000,128256
3,550912,551168
3,91136,91392
3,232704,232960
3,417280,417536
3,401664,401920
3,269312,269568
3,390912,391168
3,295168,295424
3,93952,94208
3,428544,428800
3,141056,141312
3,596736,596992
3,104448,104704
3,549888,550144
3,556800,557056
3,110592,110848
3,366592,366848
3,266496,266752
3,365312,365568
3,580864,581120
3,345344,345600
3,414208,414464
3,448512,448768
3,243712,243968
3,402688,402944
3,395520,395776
3,140544,140800
3,54272,54528
3,274176,274432
3,419072,419328
3,249088,249344
3,453632,453888
3,563200,563456
3,411136,411392
3,237056,237312
3,420352,420608
3,105216,105472
3,288512,288768
3,288768,289024
3,141568,141824
3,540928,541184
3,547584,547840
3,255232,255488
3,250624,250880
3,524800,525056
3,421888,422144
3,373760,374016
3,67328,67584
3,643840,644096
3,559360,559616
3,130816,131072
3,243200,243456
3,453888,454144
3,296192,296448
3,237824,238080
3,422400,422656
3,135936,136192
3,565248,565504
3,559872,560128
3,390656,390912
3,412928,413184
3,535040,535296
3,277248,277504
3,254208,254464
3,103680,103936
3,498688,498944
3,561152,561408
3,409856,410112
3,395008,395264
3,399872,400128
3,603392,603648
3,556288,556544
3,71424,71680
3,424448,424704
3,403456,403712
3,113408,113664
3,372224,372480
3,240640,240896
3,574464,574720
3,580608,580864
3,274432,274688
3,252672,252928
3,288000,288256
3,95232,95488
3,286464,286720
3,243456,243712
3,247296,247552
3,381184,381440
3,493312,493568
3,381952,382208
3,278016,278272
3,416768,417024
3,242432,242688
3,620288,620544
3,418560,418816
3,371712,371968
3,240896,241152
3,377088,377344
3,298752,299008
3,90880,91136
3,349184,349440
3,553728,553984
3,385536,385792
3,423424,423680
3,285440,285696
3,392960,393216
3,148736,148992
3,429568,429824
3,496640,496896
3,382464,382720
3,370944,371200
3,287232,287488
3,240128,240384
3,349440,349696
3,267008,267264
3,93696,93952
3,567808,568064
3,290048,290304
3,562944,563200
3,579840,580096
3,244480,244736
3,394752,395008
3,366848,367104
3,96768,97024
3,278272,278528
3,137984,138240
3,575744,576000
3,534784,535040
3,348416,348672
3,250112,250368
3,93440,93696
3,378880,379136
3,391424,391680
3,387840,388096
3,560128,560384
3,242176,242432
3,380160,380416
3,347904,348160
3,383232,383488
3,146176,146432
3,269056,269312
3,578560,578816
3,254464,254720
3,412416,412672
3,382720,382976
3,381696,381952
3,78080,78336
3,250880,251136
3,581888,582144
3,379136,379392
3,109312,109568
3,349952,350208
3,246016,246272
3,271104,271360
3,563712,563968
3,662784,663040
3,422656,422912
3,380672,380928
3,285952,286208
3,70144,70400
3,132864,133120
3,600832,601088
3,602368,602624
3,402432,402688
3,610304,610560
3,564224,564480
3,243968,244224
3,493056,493312
3,126976,127232
3,247552,247808
3,61952,62208
3,559616,559872
3,395264,395520
3,290816,291072
3,126720,126976
3,392448,392704
3,346880,347136
3,632064,632320
3,287488,287744
3,373504,373760
3,568064,568320
3,569600,569856
3,375552,375808
3,607488,607744
3,572160,572416
3,367616,367872
3,148992,149248
3,253440,253696
3,378112,378368
3,395776,396032
3,127232,127488
3,545280,545536
3,267264,267520
3,248576,248832
3,417024,417280
3,248320,248576
3,251392,251648
3,247808,248064
3,551936,552192
3,69888,70144
3,413440,413696
3,440576,440832
3,343296,343552
3,417536,417792
3,133888,134144
3,525056,525312
3,238080,238336
3,407808,408064
3,288256,288512
3,391168,391424
3,642816,643072
3,421632,421888
3,98048,98304
3,375808,376064
3,573440,573696
3,147200,147456
3,420608,420864
3,297728,297984
3,423680,423936
3,597760,598016
3,406784,407040
3,97536,97792
3,391936,392192
3,495104,495360
3,474368,474624
3,397824,398080
3,392192,392448
3,260352,260608
3,550400,550656
3,474624,474880
3,504064,504320
3,527872,528128
3,289536,289792
3,95744,96000
3,561664,561920
3,582144,582400
3,374016,374272
3,369152,369408
3,379648,379904
3,418048,418304
3,96000,96256
3,242944,243200
3,372736,372992
3,556544,556800
3,452352,452608
3,528384,528640
3,380416,380672
3,140288,140544
3,662016,662272
3,267520,267776
3,269824,270080
3,453120,453376
3,246272,246528
3,317696,317952
3,369408,369664
3,291072,291328
3,515584,515840
3,609536,609792
3,131584,131840
3,601856,602112
3,270080,270336
3,416512,416768
3,276224,276480
3,340224,340480
3,642560,642816
3,371456,371712
3,375040,375296
3,376576,376832
3,415488,415744
3,582656,582912
3,660224,660480
3,248064,248320
3,66560,66816
3,283904,284160
3,382208,382464
3,265472,265728
3,135424,135680
3,97280,97536
3,405760,406016
3,371968,372224
3,549376,549632
3,341248,341504
3,600320,600576
3,247040,247296
3,345600,345856
3,378624,378880
3,564736,564992
3,290560,290816
3,272896,273152
3,372480,372736
3,619264,619520
3,572672,572928
3,449024,449280
3,555008,555264
3,418816,419072
3,567552,567808
3,562688,562944
3,609280,609536
3,416256,416512
3,541952,542208
3,253184,253440
3,377600,377856
3,295680,295936
3,113664,113920
3,245504,245760
3,262400,262656
3,566784,567040
3,623360,623616
3,399360,399616
3,110080,110336
3,143104,143360
3,543232,543488
3,439808,440064
3,70400,70656
3,264960,265216
3,414464,414720
3,253696,253952
3,273408,273664
3,388096,388352
3,269568,269824
3,586240,586496
3,272128,272384
3,374272,374528
3,570624,570880
3,302080,302336
3,114176,114432
3,570112,570368
3,272640,272896
3,291840,292096
3,420864,421120
3,54016,54272
3,63232,63488
3,376064,376320
3,289024,289280
3,107264,107520
3,105728,105984
3,96256,96512
3,376832,377088
3,581632,581888
3,602624,602880
3,111616,111872
3,273152,273408
3,413696,413952
3,423168,423424
3,451072,451328
3,92416,92672
3,260864,261120
3,249600,249856
3,109824,110080
3,64512,64768
3,374528,374784
3,273664,273920
3,276736,276992
3,275968,276224
3,106496,106752
3,602112,602368
3,78336,78592
3,70656,70912
3,122112,122368
3,553984,554240
3,111872,112128
3,443648,443904
3,92928,93184
3,297216,297472
3,439296,439552
3,347392,347648
3,121600,121856
3,70912,71168
4,449792,450048
4,514560,514816
4,183552,183808
4,457472,457728
4,446720,446976
4,95488,95744
4,135168,135424
4,135424,135680
4,464384,464640
4,439552,439808
4,649728,649984
4,606720,606976
4,134912,135168
4,441344,441600
4,92928,93184
4,456960,457216
4,441600,441856
4,463104,463360
4,463616,463872
4,465408,465664
4,176896,177152
4,641792,642048
4,440576,440832
4,646656,646912
5,430080,430336
5,412928,413184
5,215808,216064
5,249856,250112
5,431616,431872
5,368640,368896
5,310784,311040
5,311040,311296
5,246784,247040
5,239616,239872
5,413952,414208
5,107008,107264
5,356864,357120
5,437504,437760
5,439040,439296
5,431360,431616
5,379904,380160
5,402432,402688
5,373504,373760
5,201984,202240
5,90880,91136
5,369152,369408
5,161280,161536
5,280320,280576
5,446720,446976
5,73472,73728
5,379136,379392
5,391168,391424
5,419328,419584
5,268544,268800
5,341760,342016
5,81152,81408
5,417280,417536
5,382976,383232
5,79360,79616
5,396288,396544
5,225792,226048
5,111616,111872
5,213504,213760
5,392192,392448
5,440576,440832
5,419840,420096
5,582144,582400
5,201728,201984
5,83456,83712
5,56064,56320
5,400640,400896
5,78592,78848
5,373760,374016
5,215296,215552
5,378880,379136
5,84992,85248
5,59904,60160
5,92160,92416
5,257280,257536
5,286208,286464
5,94720,94976
5,356096,356352
5,62208,62464
5,357120,357376
5,443392,443648
5,372992,373248
5,85504,85760
5,80128,80384
5,257536,257792
5,67584,67840
5,383488,383744
5,91648,91904
5,254208,254464
5,256256,256512
5,86784,87040
5,373248,373504
5,265984,266240
5,72448,72704
5,416768,417024
5,86272,86528
5,106240,106496
5,225024,225280
5,398848,399104
5,80896,81152
5,436992,437248
5,332544,332800
5,86016,86272
5,395008,395264
5,215552,215808
5,357376,357632
5,341504,341760
5,224768,225024
5,398080,398336
5,249344,249600
5,349184,349440
5,288256,288512
5,76288,76544
5,540928,541184
5,340736,340992
5,429824,430080
5,626688,626944
5,411136,411392
5,225280,225536
5,380160,380416
5,656384,656640
5,465920,466176
5,60416,60672
5,77568,77824
5,50944,51200
5,621056,621312
5,355840,356096
5,93184,93440
5,583424,583680
5,546304,546560
5,400128,400384
5,92672,92928
5,398592,398848
5,57344,57600
5,79616,79872
5,78080,78336
5,93696,93952
5,69632,69888
5,80384,80640
5,389376,389632
5,94208,94464
5,63488,63744
6,50944,51200
6,65792,66048
6,43776,44032
6,33792,34048
6,45824,46080
7,219136,219392
7,582144,582400
7,582400,582656
8,126464,126720
8,130816,131072
8,139008,139264
8,122880,123136
8,154112,154368
8,116224,116480
8,150784,151040
8,129792,130048
8,147712,147968
8,156416,156672
8,154368,154624
8,143872,144128
8,182272,182528
8,138496,138752
8,149248,149504
8,385792,386048
8,145152,145408
8,141056,141312
8,144640,144896
8,121344,121600
8,143616,143872
8,400896,401152
8,159744,160000
8,412672,412928
8,125184,125440
8,152832,153088
8,145664,145920
8,160000,160256
8,125696,125952
8,122624,122880
8,131072,131328
8,159488,159744
8,137216,137472
8,157440,157696
8,136704,136960
8,459264,459520
8,153856,154112
8,132864,133120
8,117248,117504
8,214528,214784
8,151296,151552
8,135680,135936
8,348928,349184
8,146176,146432
8,454144,454400
8,187648,187904
8,141312,141568
8,411392,411648
8,134656,134912
8,124416,124672
8,136960,137216
8,144128,144384
8,126720,126976
8,126208,126464
8,139264,139520
8,158464,158720
8,133120,133376
8,134144,134400
8,459776,460032
8,140032,140288
9,66816,67072
9,74496,74752
9,55296,55552
9,277504,277760
9,129536,129792
9,180224,180480
9,97536,97792
9,278528,278784
9,73216,73472
9,347904,348160
9,193280,193536
9,157952,158208
9,191232,191488
9,191744,192000
9,94720,94976
9,132608,132864
9,197632,197888
9,111360,111616
9,44544,44800
9,46848,47104
9,279552,279808
9,102400,102656
9,260096,260352
9,137216,137472
9,113920,114176
9,176640,176896
9,50176,50432
9,166912,167168
9,187136,187392
9,75776,76032
9,280064,280320
9,68864,69120
9,82944,83200
9,224000,224256
9,145408,145664
9,307456,307712
9,134656,134912
9,337408,337664
9,161024,161280
9,71680,71936
9,161280,161536
9,166656,166912
9,207872,208128
9,91392,91648
9,260352,260608
9,296960,297216
9,276992,277248
9,47360,47616
9,175104,175360
9,107776,108032
9,119552,119808
9,152320,152576
9,174080,174336
9,139520,139776
9,137728,137984
9,96256,96512
9,56320,56576
9,82688,82944
9,93696,93952
9,193792,194048
9,279296,279552
9,64000,64256
9,106240,106496
9,146944,147200
9,158976,159232
9,49664,49920
9,47872,48128
9,349696,349952
9,215296,215552
9,89856,90112
9,89088,89344
9,272128,272384
9,151808,152064
9,99072,99328
9,167168,167424
9,101888,102144
9,58368,58624
9,316416,316672
9,214784,215040
9,159488,159744
9,156928,157184
9,70400,70656
9,66304,66560
9,278784,279040
9,98816,99072
9,346112,346368
9,192768,193024
9,234752,235008
9,212224,212480
9,92416,92672
9,147712,147968
9,186112,186368
9,256256,256512
9,328704,328960
9,71424,71680
9,62208,62464
9,329216,329472
9,104704,104960
9,172288,172544
9,132096,132352
9,189440,189696
9,150528,150784
9,176384,176640
9,196608,196864
9,100096,100352
9,184320,184576
9,220416,220672
9,67840,68096
9,142336,142592
9,130560,130816
9,266752,267008
9,204288,204544
9,105728,105984
9,301056,301312
9,37888,38144
9,56832,57088
9,54272,54528
9,119808,120064
9,83200,83456
9,219648,219904
9,121856,122112
9,328192,328448
9,53504,53760
9,102912,103168
9,158720,158976
9,88576,88832
9,218112,218368
9,194816,195072
9,162560,162816
9,117504,117760
9,137984,138240
9,68352,68608
9,107520,107776
9,62720,62976
9,151552,151808
9,103424,103680
9,97280,97536
9,429312,429568
9,300032,300288
9,178944,179200
9,303360,303616
9,69120,69376
9,69632,69888
9,295424,295680
9,301824,302080
9,277760,278016
9,90880,91136
9,181248,181504
9,123648,123904
9,212480,212736
9,110848,111104
9,147968,148224
9,224512,224768
9,216320,216576
9,219904,220160
9,220928,221184
9,204544,204800
9,133120,133376
9,72704,72960
9,194304,194560
9,211456,211712
9,218368,218624
9,338432,338688
9,64768,65024
9,49152,49408
9,180992,181248
9,131840,132096
9,158208,158464
9,33536,33792
9,77568,77824
9,220160,220416
9,86528,86784
9,137472,137728
9,199168,199424
9,43520,43776
9,135936,136192
9,207616,207872
9,164352,164608
9,281600,281856
9,179968,180224
9,103168,103424
9,100608,100864
9,142080,142336
9,207104,207360
9,42752,43008
9,111616,111872
9,164608,164864
9,73728,73984
9,197120,197376
9,115968,116224
9,195584,195840
9,167680,167936
9,76032,76288
9,281088,281344
9,185600,185856
9,161536,161792
9,78080,78336
9,435712,435968
9,60672,60928
9,145152,145408
9,72192,72448
9,215040,215296
9,150016,150272
9,124928,125184
9,75520,75776
9,207360,207616
9,84224,84480
9,73984,74240
9,55808,56064
9,92672,92928
9,63488,63744
9,148224,148480
9,85504,85760
9,197376,197632
9,146176,146432
9,346624,346880
9,203776,204032
9,298240,298496
9,106752,107008
9,201216,201472
9,98560,98816
9,423936,424192
9,129792,130048
9,119296,119552
9,57088,57344
9,63232,63488
9,127744,128000
9,61696,61952
9,52480,52736
9,122112,122368
9,87552,87808
9,145664,145920
9,209664,209920
9,64512,64768
9,48640,48896
9,182016,182272
9,52992,53248
9,277248,277504
9,293376,293632
9,88064,88320
9,189952,190208
9,62976,63232
9,294144,294400
9,195840,196096
9,268032,268288
9,140544,140800
9,217088,217344
9,339968,340224
9,197888,198144
9,102656,102912
9,103680,103936
9,160768,161024
9,90112,90368
9,74752,75008
9,95232,95488
9,258560,258816
9,75008,75264
9,128512,128768
9,96768,97024
9,58880,59136
9,195328,195584
9,334592,334848
9,138496,138752
9,155648,155904
9,65280,65536
9,257536,257792
9,175872,176128
9,185344,185600
9,49920,50176
9,132352,132608
9,102144,102400
9,68608,68864
9,331264,331520
9,344320,344576
9,77824,78080
9,168192,168448
9,76288,76544
9,63744,64000
9,133888,134144
9,217856,218112
9,73472,73728
9,435200,435456
9,134400,134656
9,409344,409600
9,50944,51200
9,237824,238080
9,263168,263424
9,45824,46080
9,94976,95232
9,196096,196352
9,115712,115968
9,71168,71424
9,187392,187648
9,91136,91392
9,243456,243712
9,88320,88576
9,200960,201216
9,135424,135680
9,338688,338944
9,46080,46336
9,211712,211968
9,196352,196608
9,338176,338432
9,131328,131584
9,35584,35840
9,144128,144384
9,189696,189952
9,72960,73216
9,192512,192768
9,60416,60672
9,219392,219648
9,215552,215808
9,134912,135168
9,335104,335360
9,43776,44032
9,48128,48384
9,198912,199168
9,196864,197120
9,105984,106240
9,188416,188672
9,42496,42752
9,133632,133888
9,193024,193280
9,296192,296448
9,74240,74496
9,216576,216832
9,61440,61696
9,75264,75520
9,105472,105728
9,279808,280064
9,391168,391424
9,205568,205824
9,199424,199680
9,301312,301568
9,56576,56832
9,185088,185344
9,77056,77312
9,205056,205312
9,99328,99584
9,118784,119040
9,158464,158720
9,337920,338176
9,107008,107264
9,50432,50688
9,434944,435200
9,149504,149760
9,270080,270336
9,56064,56320
9,66560,66816
9,206848,207104
9,44032,44288
9,120832,121088
9,61952,62208
9,206336,206592
9,119040,119296
9,100864,101120
9,113664,113920
9,205824,206080
9,321280,321536
9,55040,55296
9,433920,434176
9,49408,49664
9,47104,47360
9,60160,60416
9,288512,288768
9,43008,43264
9,280832,281088
9,93440,93696
9,433408,433664
9,162048,162304
9,143616,143872
9,280320,280576
9,53760,54016
9,206080,206336
9,47616,47872
9,44288,44544
9,53248,53504
9,434432,434688
9,295168,295424
9,204800,205056
9,280576,280832
9,142592,142848
9,184576,184832
9,231424,231680
9,328960,329216
9,283648,283904
9,70656,70912
9,54528,54784
9,186880,187136
9,55552,55808
9,99584,99840
9,432896,433152
9,131584,131840
9,210176,210432
9,110592,110848
9,93184,93440
9,90624,90880
9,152576,152832
9,65536,65792
9,111104,111360
9,45312,45568
9,377600,377856
9,132864,133120
9,190464,190720
9,326144,326400
9,97792,98048
9,79616,79872
9,72448,72704
9,61184,61440
9,192000,192256
9,80128,80384
9,24832,25088
9,44800,45056
9,287488,287744
9,76544,76800
9,101120,101376
9,136960,137216
9,139264,139520
9,51456,51712
9,54016,54272
9,176896,177152
9,204032,204288
9,45056,45312
9,322304,322560
9,156160,156416
9,87296,87552
9,43264,43520
9,62464,62720
9,51968,52224
9,94464,94720
9,154112,154368
9,48896,49152
9,51712,51968
9,203264,203520
9,152064,152320
9,91648,91904
9,212992,213248
9,148480,148736
9,230912,231168
9,115200,115456
9,46336,46592
9,133376,133632
9,59136,59392
9,148992,149248
9,86016,86272
9,140800,141056
9,208128,208384
9,198656,198912
9,98048,98304
9,130816,131072
9,182528,182784
9,114432,114688
9,347136,347392
9,194560,194816
9,89344,89600
9,208896,209152
9,66048,66304
9,134144,134400
9,295680,295936
9,253952,254208
9,92928,93184
9,293120,293376
9,126976,127232
9,98304,98560
9,136448,136704
9,344064,344320
9,130304,130560
9,337664,337920
9,46592,46848
9,327168,327424
9,198400,198656
9,59648,59904
9,121088,121344
9,39424,39680
9,194048,194304
9,101376,101632
9,146688,146944
9,76800,77056
9,396288,396544
9,93952,94208
9,45568,45824
9,57344,57600
9,94208,94464
9,166400,166656
9,92160,92416
9,67584,67840
9,67072,67328
9,48384,48640
9,293632,293888
9,228352,228608
9,264704,264960
9,125952,126208
9,163584,163840
9,68096,68352
9,65024,65280
9,59904,60160
9,125696,125952
9,330240,330496
9,446208,446464
9,39936,40192
9,50688,50944
9,59392,59648
9,443136,443392
9,67328,67584
10,445440,445696
10,337408,337664
10,394496,394752
10,384000,384256
10,382208,382464
10,497408,497664
10,382464,382720
10,396032,396288
10,607232,607488
10,33792,34048
10,384768,385024
10,437760,438016
10,226304,226560
10,390144,390400
10,396288,396544
10,395008,395264
10,386560,386816
10,486144,486400
10,389632,389888
10,378624,378880
10,514048,514304
10,398848,399104
10,395264,395520
10,396544,396800
10,408064,408320
10,57344,57600
10,395776,396032
10,36864,37120
10,440320,440576
10,388608,388864
10,610048,610304
10,395520,395776
10,429824,430080
10,386048,386304
10,396800,397056
10,68608,68864
11,493312,493568
13,109056,109312
13,146432,146688
13,646144,646400
13,275200,275456
13,145664,145920
13,190976,191232
13,631296,631552
13,166912,167168
13,167424,167680
13,270336,270592
13,267520,267776
13,192000,192256
13,308736,308992
13,203520,203776
13,636416,636672
13,167936,168192
13,311296,311552
13,191488,191744
13,314624,314880
13,268032,268288
13,276736,276992
13,165376,165632
13,504320,504576
13,240896,241152
13,214016,214272
13,226816,227072
13,279296,279552
13,269056,269312
13,213760,214016
13,201728,201984
13,269312,269568
13,503552,503808
13,303616,303872
13,504576,504832
13,202496,202752
13,315648,315904
13,307456,307712
13,269824,270080
13,313344,313600
13,503296,503552
13,265472,265728
13,202752,203008
13,289280,289536
13,481536,481792
13,314112,314368
13,314880,315136
13,211200,211456
13,257536,257792
13,268288,268544
13,86528,86784
13,491008,491264
13,115200,115456
13,431872,432128
13,212736,212992
13,165120,165376
13,366336,366592
13,270592,270848
13,267776,268032
13,526080,526336
13,190208,190464
13,274944,275200
13,265984,266240
13,507648,507904
13,305152,305408
13,358400,358656
13,210688,210944
13,304128,304384
13,150784,151040
13,73728,73984
13,647168,647424
13,220928,221184
13,500224,500480
13,93696,93952
13,146176,146432
13,131584,131840
13,617472,617728
13,269568,269824
13,288768,289024
13,367360,367616
13,432640,432896
13,299776,300032
13,270080,270336
13,164608,164864
13,196096,196352
13,505600,505856
13,268800,269056
13,192512,192768
13,361472,361728
13,291584,291840
13,313856,314112
13,176896,177152
14,634112,634368
14,418304,418560
14,128768,129024
14,667136,667392
14,134144,134400
14,556800,557056
14,637952,638208
14,395264,395520
14,637440,637696
14,641024,641280
14,628224,628480
14,134400,134656
14,129280,129536
14,647424,647680
14,48384,48640
14,655360,655616
14,400384,400640
14,637184,637440
14,646912,647168
14,656896,657152
15,520448,520704
15,390656,390912
15,469760,470016
15,419840,420096
15,419584,419840
15,422400,422656
15,444928,445184
15,422912,423168
15,445184,445440
15,420608,420864
15,236800,237056
15,420864,421120
15,200448,200704
15,481792,482048
15,86272,86528
15,193280,193536
15,600320,600576
15,369920,370176
15,420096,420352
15,442112,442368
15,406528,406784
15,455936,456192
15,423936,424192
15,199168,199424
15,442624,442880
15,441344,441600
15,222720,222976
15,188160,188416
15,424448,424704
15,199680,199936
15,370688,370944
15,160768,161024
15,443904,444160
15,421376,421632
15,213760,214016
15,177920,178176
15,31232,31488
15,191488,191744
15,208896,209152
15,198144,198400
15,208384,208640
15,442368,442624
15,214272,214528
15,482304,482560
15,196352,196608
15,476160,476416
15,189952,190208
15,209408,209664
15,196096,196352
15,193024,193280
15,205056,205312
15,197632,197888
15,196864,197120
16,535040,535296
16,624640,624896
16,497664,497920
16,725760,726016
16,716288,716544
16,606976,607232
16,464640,464896
16,502272,502528
16,503808,504064
16,270080,270336
16,630016,630272
16,635904,636160
16,54272,54528
16,258560,258816
16,401664,401920
16,469504,469760
16,496384,496640
16,259072,259328
16,477696,477952
16,503040,503296
16,629504,629760
16,267520,267776
16,698368,698624
16,476160,476416
16,475136,475392
16,496896,497152
16,470016,470272
16,257792,258048
16,629760,630016
16,633344,633600
16,504064,504320
16,342784,343040
16,480256,480512
16,560640,560896
16,500992,501248
16,501760,502016
16,257280,257536
16,497920,498176
16,501504,501760
16,353280,353536
16,502016,502272
16,342272,342528
16,743680,743936
16,507904,508160
16,501248,501504
16,251648,251904
16,618752,619008
16,429824,430080
17,255488,255744
17,659712,659968
17,77824,78080
17,656128,656384
17,603136,603392
17,602880,603136
17,603392,603648
17,663296,663552
17,659456,659712
17,653824,654080
17,75264,75520
17,67584,67840
17,59136,59392
17,560896,561152
17,356096,356352
17,658432,658688
17,698112,698368
17,35840,36096
17,158208,158464
17,655104,655360
17,37376,37632
17,652800,653056
17,77568,77824
17,346880,347136
17,613376,613632
18,492544,492800
18,262912,263168
18,399616,399872
18,304640,304896
18,370176,370432
18,494592,494848
18,305152,305408
18,320512,320768
18,438272,438528
18,498944,499200
18,251904,252160
18,259584,259840
18,68864,69120
18,558592,558848
18,340480,340736
18,539904,540160
18,433152,433408
18,300032,300288
18,366592,366848
18,167680,167936
18,392960,393216
18,563712,563968
18,535040,535296
18,371968,372224
18,412160,412416
18,423424,423680
18,560128,560384
18,276992,277248
18,249856,250112
18,425472,425728
18,664320,664576
18,169216,169472
18,593920,594176
18,399104,399360
18,264192,264448
18,425216,425472
18,626688,626944
18,290560,290816
18,663808,664064
18,326912,327168
18,494080,494336
18,417280,417536
18,267008,267264
18,257280,257536
18,366336,366592
18,489728,489984
18,259072,259328
18,483072,483328
18,264960,265216
18,595968,596224
18,342784,343040
18,261632,261888
18,296192,296448
18,289792,290048
18,325888,326144
18,345088,345344
18,494848,495104
18,495360,495616
18,299776,300032
18,376832,377088
18,452608,452864
18,619264,619520
18,543232,543488
18,550400,550656
18,657152,657408
18,300288,300544
18,496640,496896
18,492800,493056
18,560896,561152
18,300544,300800
18,369408,369664
18,479744,480000
18,554752,555008
18,277760,278016
18,291328,291584
18,423680,423936
18,261120,261376
18,294656,294912
18,495616,495872
18,327168,327424
18,631552,631808
18,493824,494080
18,304896,305152
18,463104,463360
18,550144,550400
18,418816,419072
18,494336,494592
18,342272,342528
18,690688,690944
18,294144,294400
18,493056,493312
18,482048,482304
18,340992,341248
18,367872,368128
18,543488,543744
18,277248,277504
18,491776,492032
18,301312,301568
18,521216,521472
18,527104,527360
18,677376,677632
18,354048,354304
18,666368,666624
18,396800,397056
18,277504,277760
18,428800,429056
18,271360,271616
18,442112,442368
18,369920,370176
18,291584,291840
18,409856,410112
18,246784,247040
18,492032,492288
18,493312,493568
18,433920,434176
18,684544,684800
18,439040,439296
18,288768,289024
18,561920,562176
18,329472,329728
18,368128,368384
18,496128,496384
18,57856,58112
18,477696,477952
18,544256,544512
18,300800,301056
18,329984,330240
18,590848,591104
18,392448,392704
18,243712,243968
18,396544,396800
18,530176,530432
18,262656,262912
18,170240,170496
18,252928,253184
18,560384,560640
18,549888,550144
18,432640,432896
18,339968,340224
18,527360,527616
18,490240,490496
18,492288,492544
18,85760,86016
18,327936,328192
18,174336,174592
18,445440,445696
18,327680,327936
18,671744,672000
18,562688,562944
18,543744,544000
18,432384,432640
18,279808,280064
18,314624,314880
18,247296,247552
18,645376,645632
18,296704,296960
18,283648,283904
18,388352,388608
18,337408,337664
18,559360,559616
18,451840,452096
18,553984,554240
18,310528,310784
18,252672,252928
18,323584,323840
18,248320,248576
18,490752,491008
18,397056,397312
18,247808,248064
18,326656,326912
18,531200,531456
18,471552,471808
18,436480,436736
18,552192,552448
18,493568,493824
18,265216,265472
18,359936,360192
18,291072,291328
18,378624,378880
18,406272,406528
18,559872,560128
18,397568,397824
18,175360,175616
18,495104,495360
18,372480,372736
18,437504,437760
18,561152,561408
18,541696,541952
18,593408,593664
18,101632,101888
18,248832,249088
18,557824,558080
18,347392,347648
18,249088,249344
18,302336,302592
18,313600,313856
18,564224,564480
18,37376,37632
18,330496,330752
18,542976,543232
18,386816,387072
18,621568,621824
18,307456,307712
18,415744,416000
18,665856,666112
18,336896,337152
18,434432,434688
18,243200,243456
18,251648,251904
18,402688,402944
18,34304,34560
18,542720,542976
18,63488,63744
18,588288,588544
18,297216,297472
18,592640,592896
18,174848,175104
18,265728,265984
19,518144,518400
19,516864,517120
19,491776,492032
19,497408,497664
19,517120,517376
19,489472,489728
19,599552,599808
19,108288,108544
19,486656,486912
19,519680,519936
19,335104,335360
19,106752,107008
19,520192,520448
19,150784,151040
19,485632,485888
19,515072,515328
19,515584,515840
19,479232,479488
19,499200,499456
19,479488,479744
19,493312,493568
19,497664,497920
19,480768,481024
19,481280,481536
19,500224,500480
19,147712,147968
19,478976,479232
19,470016,470272
19,660224,660480
19,596992,597248
19,147200,147456
19,176896,177152
19,514048,514304
19,459008,459264
3,71168,71424
3,401920,402176
3,105472,105728
3,416000,416256
3,379904,380160
3,218112,218368
3,107776,108032
3,425216,425472
3,414976,415232
3,251648,251904
3,341760,342016
3,513536,513792
3,548352,548608
3,241664,241920
3,403200,403456
3,659712,659968
3,112640,112896
3,69632,69888
3,77056,77312
3,507136,507392
3,65024,65280
3,545792,546048
3,54528,54784
3,57344,57600
3,239616,239872
3,94720,94976
3,340480,340736
3,442368,442624
3,450304,450560
3,68096,68352
3,610560,610816
3,453376,453632
3,547840,548096
3,540416,540672
3,271616,271872
3,510976,511232
3,108544,108800
3,580096,580352
3,44288,44544
3,52992,53248
3,552960,553216
3,101888,102144
3,54784,55040
3,565504,565760
3,129280,129536
3,236288,236544
3,487936,488192
3,292096,292352
3,420096,420352
3,569088,569344
3,543744,544000
3,100608,100864
3,95488,95744
3,346368,346624
3,602880,603136
3,325632,325888
3,91904,92160
3,407296,407552
3,367360,367616
3,146432,146688
3,478976,479232
4,332032,332288
4,456704,456960
4,673536,673792
4,551936,552192
4,392960,393216
4,338432,338688
4,185600,185856
4,333824,334080
4,442624,442880
4,309248,309504
4,335872,336128
4,148992,149248
4,696064,696320
5,397824,398080
5,400384,400640
5,398336,398592
5,153344,153600
5,64256,64512
5,254464,254720
5,432896,433152
5,381696,381952
5,399872,400128
5,446976,447232
5,416256,416512
5,63744,64000
5,274944,275200
5,257024,257280
5,379648,379904
5,57088,57344
5,86528,86784
5,340480,340736
5,414208,414464
5,336640,336896
5,91392,91648
5,352768,353024
5,275456,275712
5,77312,77568
5,375808,376064
5,224000,224256
5,345344,345600
5,58880,59136
5,77824,78080
5,106752,107008
5,81664,81920
5,381184,381440
5,71424,71680
5,452608,452864
5,421376,421632
5,356352,356608
5,57600,57856
5,353024,353280
7,575232,575488
7,279040,279296
7,580608,580864
7,440320,440576
7,252672,252928
7,179456,179712
8,113152,113408
8,123136,123392
8,239616,239872
8,138752,139008
8,133632,133888
3,49664,49920
3,59648,59904
3,496128,496384
3,99328,99584
3,549632,549888
15,199424,199680
15,420352,420608
15,209664,209920
15,419328,419584
15,440320,440576
20,104960,105216
20,203264,203520
20,30720,30976
20,42240,42496
20,148736,148992
20,43008,43264
20,31488,31744
20,101632,101888
20,45056,45312
20,228096,228352
20,105728,105984
20,195072,195328
20,194048,194304
20,110848,111104
20,105472,105728
20,104704,104960
20,221184,221440
20,57344,57600
20,106240,106496
20,106496,106752
20,109568,109824
20,171520,171776
20,102144,102400
20,150016,150272
20,32000,32256
20,24576,24832
20,31232,31488
20,41472,41728
20,143104,143360
20,124928,125184
20,221952,222208
20,56320,56576
20,206592,206848
20,224000,224256
20,57856,58112
20,37888,38144
20,128512,128768
20,116480,116736
20,116224,116480
20,212224,212480
20,32256,32512
20,64768,65024
20,220672,220928
20,43520,43776
20,108800,109056
20,72448,72704
20,45312,45568
20,216320,216576
20,170496,170752
20,139008,139264
20,29952,30208
20,43264,43520
20,44288,44544
20,115200,115456
20,146432,146688
20,222208,222464
20,217088,217344
20,190720,190976
20,109056,109312
20,12544,12800
20,201984,202240
20,14080,14336
20,30208,30464
20,205312,205568
20,220416,220672
20,204544,204800
20,40192,40448
20,13056,13312
20,192768,193024
20,224256,224512
20,174336,174592
20,27648,27904
20,107008,107264
20,163328,163584
20,212992,213248
20,156416,156672
20,226816,227072
20,206848,207104
20,46336,46592
20,225536,225792
20,176128,176384
20,218624,218880
20,149248,149504
20,140544,140800
20,215552,215808
20,177152,177408
20,233984,234240
20,104192,104448
20,105984,106240
20,217600,217856
20,143360,143616
20,77568,77824
20,24832,25088
20,57088,57344
20,24320,24576
20,223232,223488
20,174848,175104
20,40704,40960
20,225024,225280
20,56576,56832
20,210176,210432
20,133120,133376
20,174592,174848
20,187904,188160
20,203520,203776
20,121088,121344
20,105216,105472
20,203776,204032
20,221440,221696
20,72704,72960
20,223488,223744
20,207872,208128
20,37632,37888
20,55040,55296
20,209920,210176
20,207360,207616
20,220160,220416
20,176640,176896
20,106752,107008
20,57600,57856
20,93696,93952
20,52736,52992
20,204800,205056
20,210688,210944
20,147712,147968
20,37376,37632
20,213248,213504
20,188160,188416
20,31744,32000
20,142336,142592
20,165376,165632
20,204288,204544
20,48384,48640
20,175360,175616
20,153088,153344
20,32512,32768
20,41984,42240
20,210944,211200
20,219392,219648
20,211456,211712
20,69376,69632
20,158720,158976
20,213760,214016
20,207616,207872
20,107264,107520
20,154624,154880
20,125696,125952
20,116992,117248
20,127232,127488
20,124672,124928
20,221696,221952
20,220928,221184
20,188416,188672
20,25088,25344
20,218112,218368
20,179456,179712
20,209152,209408
20,14336,14592
20,217856,218112
20,187648,187904
20,40960,41216
20,195584,195840
20,223744,224000
20,222720,222976
20,16384,16640
20,101888,102144
20,225280,225536
20,216576,216832
20,13568,13824
20,58368,58624
20,140288,140544
20,113408,113664
20,209664,209920
20,217344,217600
20,210432,210688
20,222976,223232
10,384256,384512
10,574976,575232
10,386304,386560
10,474624,474880
10,388352,388608
10,401152,401408
10,425984,426240
10,388864,389120
10,219648,219904
3,245376,245632
3,59776,60032
3,242304,242560
3,395648,395904
3,379776,380032
3,378752,379008
3,367744,368000
3,374400,374656
3,376448,376704
3,242816,243072
3,377472,377728
3,84608,84864
3,414848,415104
3,249472,249728
3,110208,110464
3,567168,567424
3,600448,600704
3,563072,563328
3,395136,395392
3,365184,365440
3,92288,92544
3,609664,609920
3,564608,564864
3,380288,380544
3,569216,569472
3,105600,105856
3,581760,582016
3,417408,417664
3,239744,240000
3,360064,360320
3,380800,381056
3,69760,70016
3,270208,270464
3,381824,382080
3,403328,403584
3,377984,378240
3,371840,372096
3,290944,291200
3,643712,643968
3,377728,377984
3,391040,391296
3,375936,376192
3,564096,564352
3,67200,67456
3,381312,381568
3,253568,253824
3,251520,251776
3,373632,373888
3,86144,86400
3,55680,55936
3,375168,375424
3,376960,377216
3,420224,420480
3,78208,78464
3,276352,276608
3,104576,104832
3,217984,218240
3,382336,382592
3,416128,416384
3,349824,350080
3,108672,108928
3,277120,277376
3,556672,556928
3,418688,418944
3,543360,543616
3,127104,127360
3,95616,95872
3,562816,563072
3,370816,371072
3,415872,416128
3,290688,290944
3,111744,112000
3,642688,642944
3,374144,374400
3,375680,375936
3,105088,105344
3,110720,110976
3,396672,396928
3,516480,516736
3,392064,392320
3,278144,278400
3,132736,132992
3,283264,283520
3,524928,525184
3,372096,372352
3,557184,557440
3,369280,369536
3,54144,54400
3,290176,290432
3,602496,602752
3,252032,252288
3,247936,248192
3,250496,250752
3,566656,566912
3,559744,560000
3,549504,549760
3,372608,372864
3,92800,93056
3,391552,391808
3,243840,244096
3,399232,399488
3,366720,366976
3,247424,247680
3,374912,375168
3,449408,449664
3,535936,536192
3,417920,418176
3,91776,92032
3,402304,402560
3,610176,610432
3,276608,276864
3,340096,340352
3,391296,391552
3,416384,416640
3,135296,135552
3,241280,241536
3,493184,493440
3,397696,397952
3,246912,247168
3,548480,548736
3,244352,244608
3,241792,242048
3,619392,619648
3,560000,560256
3,579712,579968
3,64896,65152
3,238208,238464
3,248960,249216
3,242560,242816
3,421760,422016
3,129152,129408
3,403840,404096
3,453504,453760
3,425856,426112
3,268928,269184
3,142976,143232
3,603520,603776
3,243328,243584
3,70784,71040
3,515456,515712
3,382848,383104
3,570240,570496
3,98176,98432
3,416896,417152
3,500608,500864
3,554112,554368
3,439168,439424
3,285824,286080
3,246400,246656
3,420736,420992
3,601984,602240
3,107136,107392
3,244864,245120
3,113792,114048
3,312448,312704
3,399488,399744
3,406912,407168
3,396160,396416
3,288128,288384
3,272768,273024
3,240256,240512
3,572288,572544
3,439680,439936
3,602752,603008
3,425344,425600
3,407168,407424
3,423552,423808
3,393600,393856
3,271744,272000
3,252800,253056
3,273280,273536
3,93568,93824
3,272256,272512
3,367488,367744
3,371584,371840
3,516992,517248
3,238720,238976
3,239488,239744
3,249984,250240
3,414336,414592
3,387968,388224
3,442240,442496
3,450432,450688
3,423808,424064
3,299136,299392
3,286848,287104
3,399744,400000
3,271232,271488
3,418176,418432
3,239232,239488
3,424320,424576
3,96128,96384
3,371072,371328
3,285312,285568
3,124032,124288
3,395392,395648
3,414592,414848
3,97408,97664
3,402560,402816
3,550528,550784
3,269184,269440
3,491392,491648
3,397952,398208
3,607616,607872
3,387712,387968
3,288384,288640
3,292224,292480
3,394624,394880
3,629120,629376
3,565376,565632
3,96384,96640
3,287360,287616
3,298112,298368
3,52608,52864
3,95872,96128
3,394880,395136
3,140416,140672
3,240768,241024
3,267392,267648
3,346496,346752
3,133760,134016
3,383360,383616
3,247168,247424
3,577152,577408
3,252544,252800
3,564864,565120
3,603008,603264
3,406400,406656
4,267392,267648
4,646528,646784
4,442496,442752
4,441984,442240
4,462976,463232
4,441472,441728
4,433024,433280
4,92800,93056
4,446592,446848
4,265856,266112
4,685440,685696
4,464768,465024
4,606848,607104
4,660096,660352
4,456320,456576
4,463488,463744
4,95872,96128
4,465280,465536
4,582016,582272
4,457344,457600
4,344704,344960
4,459904,460160
4,440192,440448
4,64896,65152
4,448640,448896
4,456832,457088
4,336256,336512
4,338560,338816
4,135040,135296
4,333952,334208
4,649600,649856
2,438912,439168
2,308864,309120
2,442240,442496
2,449152,449408
2,273024,273280
2,391808,392064
2,456832,457088
2,433536,433792
2,319872,320128
2,438400,438656
2,185472,185728
2,460160,460416
2,309888,310144
2,475264,475520
2,364928,365184
2,308096,308352
2,177536,177792
2,433024,433280
2,392576,392832
2,374912,375168
2,310144,310400
2,442752,443008
2,447360,447616
2,309632,309888
2,462720,462976
2,461696,461952
2,424064,424320
2,434304,434560
2,456576,456832
2,459904,460160
2,475776,476032
2,460928,461184
2,171136,171392
2,461440,461696
2,308608,308864
2,451712,451968
2,302208,302464
2,225920,226176
2,406144,406400
2,361344,361600
2,433280,433536
2,454784,455040
2,437376,437632
2,478848,479104
2,299648,299904
2,323968,324224
2,438656,438912
2,478592,478848
2,309376,309632
2,480128,480384
2,183936,184192
2,443008,443264
2,485248,485504
2,287616,287872
2,437632,437888
2,457600,457856
2,441728,441984
2,451456,451712
2,439936,440192
2,455296,455552
2,457344,457600
2,386432,386688
2,462464,462720
2,447872,448128
2,451200,451456
2,442496,442752
2,405888,406144
2,446336,446592
2,470656,470912
2,475008,475264
2,269184,269440
20,173824,174080
20,211712,211968
